<?xml version="1.0" encoding="UTF-8"?>

<channel name="pointers" version="1.0">
  <property name="VirtualPS2_VMware_VMMouse" type="empty">
    <property name="RightHanded" type="bool" value="true"/>
    <property name="Threshold" type="int" value="1"/>
    <property name="Acceleration" type="double" value="0"/>
  </property>
  <property name="VMware_VMware_Virtual_USB_Mouse" type="empty">
    <property name="RightHanded" type="bool" value="true"/>
    <property name="Threshold" type="int" value="1"/>
    <property name="Acceleration" type="double" value="0"/>
  </property>
</channel>
