<?xml version="1.0" encoding="UTF-8"?>

<channel name="xfce4-desktop" version="1.0">
  <property name="backdrop" type="empty">
    <property name="screen0" type="empty">
      <property name="monitor0" type="empty">
        <property name="brightness" type="empty"/>
        <property name="color1" type="empty"/>
        <property name="color2" type="empty"/>
        <property name="color-style" type="empty"/>
        <property name="image-path" type="empty"/>
        <property name="image-show" type="empty"/>
        <property name="last-image" type="empty"/>
        <property name="last-single-image" type="empty"/>
      </property>
      <property name="monitor1" type="empty">
        <property name="brightness" type="empty"/>
        <property name="color1" type="empty"/>
        <property name="color2" type="empty"/>
        <property name="color-style" type="empty"/>
        <property name="image-path" type="empty"/>
        <property name="image-show" type="empty"/>
        <property name="last-image" type="empty"/>
        <property name="last-single-image" type="empty"/>
      </property>
      <property name="monitorVirtual1" type="empty">
        <property name="workspace0" type="empty">
          <property name="color-style" type="int" value="0"/>
          <property name="image-style" type="int" value="0"/>
          <property name="last-image" type="string" value="/usr/share/images/desktop-base/default"/>
          <property name="rgba1" type="array">
            <value type="double" value="0"/>
            <value type="double" value="0"/>
            <value type="double" value="0"/>
            <value type="double" value="1"/>
          </property>
        </property>
        <property name="workspace1" type="empty">
          <property name="color-style" type="int" value="1"/>
          <property name="image-style" type="int" value="5"/>
          <property name="last-image" type="string" value="/usr/share/images/desktop-base/default"/>
        </property>
        <property name="workspace2" type="empty">
          <property name="color-style" type="int" value="1"/>
          <property name="image-style" type="int" value="5"/>
          <property name="last-image" type="string" value="/usr/share/images/desktop-base/default"/>
        </property>
        <property name="workspace3" type="empty">
          <property name="color-style" type="int" value="1"/>
          <property name="image-style" type="int" value="5"/>
          <property name="last-image" type="string" value="/usr/share/images/desktop-base/default"/>
        </property>
      </property>
    </property>
  </property>
  <property name="last" type="empty">
    <property name="window-width" type="int" value="687"/>
    <property name="window-height" type="int" value="558"/>
  </property>
</channel>
